Transaction ID,Transaction Date,Customer ID,Product ID,Product Category,Sales Amount,Quantity
1,1/19/2024,213,345,Books,295.15,7
2,6/11/2024,59,134,Electronics,457.78,1
3,1/10/2024,178,89,Electronics,423.84,2
4,5/30/2024,359,423,Home & Kitchen,497.52,1
5,3/21/2024,384,139,Clothing,164.21,7
6,4/10/2024,335,2,Electronics,479.2,6
7,1/7/2024,445,346,Electronics,325.85,3
8,3/10/2024,207,336,Home & Kitchen,118.9,8
9,3/14/2024,370,216,Electronics,57.62,9
10,5/17/2024,356,486,Toys,144.94,7
11,6/20/2024,295,95,Home & Kitchen,73.24,9
12,4/11/2024,127,313,Books,280.56,10
13,3/18/2024,105,377,Clothing,264.6,5
14,3/16/2024,656,170,Toys,335.37,7
15,4/10/2024,379,387,Clothing,445.36,7
16,6/6/2024,364,15,Toys,434.18,10
17,4/27/2024,386,349,Sports,228.99,8
18,5/17/2024,438,296,Electronics,384.06,1
19,1/15/2024,98,427,Electronics,349.35,8
20,1/15/2024,603,392,Toys,391.99,1
21,4/25/2024,405,101,Toys,236.31,3
22,4/27/2024,564,134,Sports,183.1,10
23,6/27/2024,675,133,Clothing,440.79,10
24,2/15/2024,534,98,Toys,99.86,4
25,5/2/2024,228,202,Clothing,457.73,10
26,3/29/2024,225,81,Books,79.84,8
27,1/29/2024,746,134,Electronics,149.41,9
28,6/28/2024,430,486,Sports,144.54,3
29,2/1/2024,562,211,Clothing,314.78,1
30,1/18/2024,428,479,Clothing,189.69,5
31,3/13/2024,513,457,Clothing,389.57,8
32,2/6/2024,629,80,Toys,402.97,9
33,2/11/2024,677,63,Toys,378.44,1
34,3/14/2024,352,75,Sports,486.24,2
35,4/10/2024,27,186,Clothing,335.27,4
36,4/14/2024,431,21,Home & Kitchen,244.25,5
37,1/21/2024,270,340,Electronics,388.06,9
38,4/12/2024,326,175,Sports,6.5,4
39,1/5/2024,668,342,Electronics,372.87,8
40,6/24/2024,126,190,Sports,406.88,5
41,5/6/2024,474,336,Books,23.34,5
42,4/19/2024,638,281,Sports,198.01,6
43,1/19/2024,235,64,Clothing,179.46,2
44,1/22/2024,380,238,Sports,263.86,6
45,1/27/2024,759,13,Toys,422.16,4
46,5/22/2024,646,159,Home & Kitchen,322.02,9
47,3/19/2024,778,345,Home & Kitchen,322.94,4
48,2/13/2024,502,464,Electronics,278.08,1
49,6/8/2024,184,400,Electronics,26.37,1
50,3/24/2024,436,466,Home & Kitchen,228.44,6
51,1/25/2024,66,249,Toys,129.87,5
52,4/7/2024,246,452,Home & Kitchen,497.81,6
53,2/27/2024,298,443,Toys,123.62,10
54,4/9/2024,235,108,Toys,459.7,1
55,2/19/2024,524,266,Clothing,261.96,9
56,4/17/2024,552,73,Toys,396.97,10
57,3/23/2024,427,28,Books,425.67,8
58,1/22/2024,279,464,Clothing,81.36,8
59,1/31/2024,94,139,Sports,313.38,10
60,2/12/2024,489,423,Clothing,150.9,6
61,5/3/2024,113,265,Books,186.9,3
62,3/16/2024,733,170,Home & Kitchen,292.94,5
63,3/7/2024,611,295,Electronics,360.43,2
64,2/2/2024,9,372,Books,492.84,5
65,6/19/2024,263,88,Home & Kitchen,310.81,4
66,6/22/2024,251,17,Clothing,331.61,4
67,7/6/2024,313,70,Sports,47.21,2
68,5/9/2024,791,116,Clothing,489.72,10
69,1/21/2024,329,250,Books,105.49,7
70,5/23/2024,656,101,Clothing,308.47,2
71,1/29/2024,89,20,Toys,244.7,4
72,3/8/2024,623,177,Clothing,327.56,4
73,6/19/2024,506,447,Home & Kitchen,306.27,5
74,3/12/2024,632,102,Home & Kitchen,285.2,1
75,3/27/2024,145,366,Toys,272.28,6
76,6/11/2024,708,166,Home & Kitchen,342.51,2
77,6/6/2024,381,443,Home & Kitchen,302.2,10
78,6/30/2024,694,374,Clothing,392.7,6
79,2/17/2024,653,389,Home & Kitchen,148.89,7
80,2/14/2024,435,298,Sports,380.44,3
81,5/19/2024,146,304,Clothing,457.04,4
82,1/6/2024,755,420,Home & Kitchen,481.8,4
83,4/27/2024,334,224,Toys,400.52,3
84,2/6/2024,184,128,Toys,30.73,4
85,5/29/2024,120,346,Home & Kitchen,487.13,1
86,4/25/2024,334,382,Toys,18.41,9
87,1/21/2024,717,244,Electronics,416.41,2
88,2/23/2024,656,175,Electronics,142.66,8
89,2/8/2024,472,337,Clothing,425.63,4
90,1/4/2024,457,413,Clothing,359.09,2
91,1/7/2024,264,131,Toys,167.64,10
92,4/4/2024,527,303,Toys,250.1,8
93,6/3/2024,260,375,Sports,372.23,4
94,2/18/2024,396,66,Books,410.3,5
95,4/8/2024,402,19,Clothing,467.06,2
96,2/22/2024,730,113,Clothing,150.01,1
97,2/29/2024,62,339,Sports,359.38,6
98,2/15/2024,274,39,Sports,414.12,3
99,5/25/2024,553,215,Sports,386.48,2
100,3/8/2024,731,432,Electronics,74.91,10
101,2/25/2024,327,462,Sports,286.82,4
102,5/22/2024,656,408,Sports,302.96,6
103,3/20/2024,746,124,Electronics,243.05,3
104,6/4/2024,456,430,Clothing,264.99,1
105,1/18/2024,598,455,Toys,104.77,8
106,2/17/2024,521,184,Toys,72,5
107,4/18/2024,745,2,Electronics,484.67,7
108,3/12/2024,261,436,Clothing,196.84,4
109,1/25/2024,14,53,Clothing,22.15,9
110,6/16/2024,599,119,Home & Kitchen,159.48,6
111,1/11/2024,695,262,Electronics,471.93,2
112,3/13/2024,607,461,Toys,474.92,10
113,6/9/2024,473,324,Electronics,461.8,7
114,5/27/2024,247,286,Electronics,64.13,3
115,4/13/2024,702,130,Books,113.04,9
116,6/21/2024,780,102,Home & Kitchen,156.14,7
117,4/30/2024,27,407,Sports,475.9,9
118,4/1/2024,557,95,Toys,389.61,4
119,2/26/2024,9,162,Home & Kitchen,425.09,3
120,3/15/2024,642,270,Clothing,223.97,9
121,3/23/2024,106,193,Sports,186.21,5
122,5/26/2024,468,377,Sports,435.39,7
123,3/28/2024,43,410,Clothing,467.71,3
124,2/12/2024,650,384,Clothing,429.45,8
125,3/26/2024,605,115,Books,95.28,6
126,1/24/2024,363,35,Sports,270.67,1
127,4/14/2024,641,318,Toys,453.45,4
128,5/23/2024,499,321,Home & Kitchen,89.27,7
129,4/2/2024,400,402,Home & Kitchen,291.53,1
130,5/24/2024,32,328,Books,156.95,5
131,5/17/2024,405,81,Books,367.02,2
132,2/17/2024,627,240,Home & Kitchen,417.47,1
133,1/24/2024,558,435,Clothing,102.66,9
134,5/21/2024,688,160,Toys,231.65,8
135,3/18/2024,2,84,Clothing,485.74,9
136,3/5/2024,299,296,Clothing,13.68,7
137,3/9/2024,605,306,Electronics,495.6,10
138,2/14/2024,668,348,Sports,440.82,9
139,1/3/2024,331,173,Sports,431.57,5
140,4/28/2024,214,451,Sports,286.41,8
141,6/8/2024,644,325,Home & Kitchen,88.02,7
142,4/3/2024,155,114,Electronics,139.64,7
143,4/3/2024,351,365,Clothing,428.19,9
144,3/21/2024,60,417,Home & Kitchen,311.25,4
145,5/23/2024,196,329,Sports,340.16,3
146,2/14/2024,703,343,Books,144.47,8
147,5/14/2024,270,167,Sports,224.64,5
148,6/27/2024,673,316,Clothing,252.68,9
149,5/12/2024,479,381,Books,477.49,4
150,6/22/2024,290,459,Home & Kitchen,156.87,4
151,6/23/2024,524,450,Sports,113.92,7
152,6/24/2024,429,319,Home & Kitchen,397.92,5
153,6/29/2024,18,17,Books,249.15,2
154,4/24/2024,132,21,Sports,115.68,10
155,3/3/2024,616,227,Books,331.82,4
156,3/17/2024,569,286,Electronics,365.05,10
157,4/17/2024,203,171,Sports,193.81,6
158,3/3/2024,171,276,Electronics,182.86,1
159,4/28/2024,87,133,Home & Kitchen,237.65,5
160,3/12/2024,693,206,Toys,160.94,3
161,6/9/2024,574,140,Sports,495.22,4
162,5/3/2024,346,165,Books,60.85,8
163,3/8/2024,470,92,Home & Kitchen,49.65,2
164,2/12/2024,168,436,Electronics,22.81,5
165,7/6/2024,635,78,Clothing,180.28,7
166,3/5/2024,456,344,Toys,484.66,5
167,4/3/2024,586,50,Toys,261.91,4
168,4/10/2024,731,191,Electronics,300.53,6
169,2/26/2024,535,39,Toys,176.38,9
170,4/18/2024,112,118,Books,492.41,6
171,1/25/2024,181,186,Sports,117.79,1
172,3/22/2024,654,103,Toys,94.74,2
173,3/7/2024,268,441,Toys,47.46,7
174,6/29/2024,741,108,Toys,80.49,6
175,1/20/2024,761,485,Sports,457.64,1
176,4/2/2024,18,152,Electronics,358.3,8
177,4/17/2024,711,410,Clothing,359.2,6
178,5/31/2024,1,88,Home & Kitchen,372.84,6
179,2/27/2024,357,303,Toys,434.23,10
180,3/21/2024,163,184,Books,482.18,6
181,3/4/2024,778,293,Toys,285.79,3
182,1/26/2024,793,435,Books,443.64,5
183,6/30/2024,142,365,Clothing,361.06,2
184,4/21/2024,299,288,Electronics,381.73,10
185,4/15/2024,201,394,Toys,330.1,7
186,5/30/2024,371,189,Electronics,382.37,8
187,1/9/2024,775,226,Home & Kitchen,360.76,3
188,1/22/2024,401,339,Toys,269.66,8
189,1/17/2024,420,408,Toys,68.06,5
190,6/21/2024,347,429,Toys,349.07,9
191,2/13/2024,674,179,Sports,487.03,2
192,1/7/2024,664,188,Home & Kitchen,360.18,8
193,1/16/2024,743,442,Clothing,75.98,6
194,1/12/2024,545,276,Home & Kitchen,178.6,5
195,4/16/2024,339,409,Electronics,432.48,5
196,7/5/2024,500,139,Clothing,199.87,9
197,5/24/2024,491,401,Clothing,470.63,9
198,3/23/2024,163,262,Books,397.64,7
199,3/12/2024,35,337,Home & Kitchen,330.77,9
200,4/17/2024,224,460,Electronics,280.86,10
201,5/17/2024,603,353,Books,110.73,10
202,6/17/2024,277,453,Clothing,72.86,9
203,2/7/2024,116,433,Books,146.14,5
204,2/24/2024,683,383,Toys,486.62,6
205,5/26/2024,232,322,Sports,93.37,9
206,2/5/2024,194,424,Toys,245.85,3
207,4/1/2024,198,29,Sports,266.44,4
208,4/20/2024,488,234,Home & Kitchen,188.04,6
209,4/10/2024,198,195,Electronics,432.94,6
210,3/5/2024,566,57,Home & Kitchen,276.47,1
211,7/5/2024,677,175,Electronics,105.47,6
212,3/28/2024,150,27,Books,308.38,6
213,1/10/2024,736,345,Home & Kitchen,197.99,3
214,1/7/2024,693,80,Sports,301.39,6
215,4/27/2024,474,397,Clothing,120.51,10
216,2/3/2024,440,447,Clothing,301.05,9
217,1/18/2024,354,22,Home & Kitchen,202.96,4
218,2/4/2024,612,133,Toys,81.28,3
219,5/6/2024,755,190,Toys,291.24,9
220,5/1/2024,271,82,Toys,18.37,2
221,5/18/2024,408,290,Home & Kitchen,28.24,4
222,3/20/2024,706,55,Home & Kitchen,17.31,9
223,7/4/2024,2,99,Sports,482.55,6
224,2/7/2024,530,41,Home & Kitchen,89.36,3
225,5/28/2024,265,187,Books,63.02,10
226,5/4/2024,550,244,Home & Kitchen,11.62,9
227,6/10/2024,163,57,Clothing,153.23,3
228,5/6/2024,553,378,Toys,386.99,8
229,2/10/2024,256,72,Home & Kitchen,450.42,2
230,3/29/2024,184,281,Sports,176.44,10
231,3/31/2024,519,169,Home & Kitchen,357.89,3
232,1/18/2024,601,93,Clothing,204.47,9
233,4/15/2024,17,301,Electronics,374.97,7
234,3/12/2024,78,61,Sports,197.57,10
235,2/13/2024,83,19,Sports,83.74,7
236,1/20/2024,192,476,Sports,392.78,10
237,4/21/2024,735,463,Books,467.49,10
238,5/25/2024,546,456,Home & Kitchen,201.64,8
239,5/24/2024,169,406,Home & Kitchen,336.45,9
240,4/14/2024,685,445,Toys,87.15,1
241,2/17/2024,257,398,Home & Kitchen,191.07,10
242,4/23/2024,353,460,Electronics,386.3,2
243,4/21/2024,663,212,Clothing,136.79,6
244,7/2/2024,727,456,Sports,206.46,5
245,5/8/2024,197,167,Electronics,68.3,10
246,6/16/2024,420,417,Home & Kitchen,70.3,5
247,1/4/2024,269,80,Books,7.59,5
248,6/9/2024,779,51,Electronics,499.88,6
249,5/2/2024,237,463,Toys,485.2,2
250,2/17/2024,249,106,Toys,354.37,4
251,4/26/2024,385,79,Electronics,193.75,9
252,6/29/2024,66,438,Clothing,486.53,9
253,4/18/2024,445,158,Toys,148.4,8
254,1/5/2024,714,257,Sports,214.81,9
255,1/16/2024,514,500,Books,345.78,4
256,1/30/2024,163,347,Books,277.38,9
257,6/9/2024,317,223,Toys,118.41,4
258,3/8/2024,745,355,Books,85.44,3
259,7/3/2024,520,317,Home & Kitchen,202.87,9
260,2/14/2024,507,45,Books,467.39,2
261,5/21/2024,498,102,Home & Kitchen,232.89,8
262,1/4/2024,262,316,Books,339.14,8
263,5/21/2024,550,299,Clothing,63.71,8
264,5/13/2024,208,230,Home & Kitchen,189.98,6
265,4/27/2024,342,86,Electronics,220.17,8
266,2/22/2024,472,178,Home & Kitchen,472.49,8
267,7/5/2024,698,484,Toys,430.21,4
268,4/24/2024,134,166,Books,139.32,4
269,2/6/2024,448,420,Electronics,482.73,9
270,2/18/2024,17,22,Electronics,145.01,4
271,4/8/2024,627,284,Home & Kitchen,85.42,10
272,2/29/2024,615,199,Clothing,156.34,5
273,1/6/2024,527,413,Books,182.05,4
274,4/12/2024,505,383,Sports,52.34,3
275,4/7/2024,245,328,Electronics,335.94,5
276,1/18/2024,399,419,Sports,334.12,2
277,1/7/2024,434,183,Toys,249.54,9
278,1/11/2024,341,435,Clothing,161.95,2
279,5/2/2024,435,419,Sports,486.96,4
280,4/5/2024,251,328,Home & Kitchen,72.81,1
281,6/15/2024,23,460,Sports,23.23,6
282,5/19/2024,306,370,Books,487.31,3
283,6/24/2024,466,473,Home & Kitchen,78.09,6
284,2/16/2024,520,397,Books,388.7,3
285,4/13/2024,733,412,Home & Kitchen,189.31,6
286,5/26/2024,32,63,Sports,330.18,10
287,2/12/2024,230,26,Toys,408.41,7
288,3/29/2024,193,157,Toys,403.18,4
289,4/10/2024,635,365,Sports,420.34,8
290,3/22/2024,787,171,Home & Kitchen,439.19,7
291,3/9/2024,730,75,Home & Kitchen,12.2,2
292,6/23/2024,146,280,Clothing,54.3,4
293,2/3/2024,787,427,Books,275.36,10
294,5/31/2024,578,407,Books,406.88,1
295,7/1/2024,749,252,Toys,14.35,8
296,1/29/2024,315,25,Books,423.55,8
297,2/13/2024,181,77,Toys,195.45,3
298,3/12/2024,351,87,Sports,144.92,6
299,2/29/2024,345,414,Toys,119.83,3
300,4/21/2024,392,121,Home & Kitchen,442.01,5
301,1/15/2024,282,253,Books,208.58,5
302,6/24/2024,656,235,Books,394.17,7
303,1/24/2024,445,167,Sports,221.41,5
304,2/17/2024,776,166,Books,418.97,4
305,5/11/2024,127,79,Toys,48.38,2
306,2/6/2024,767,52,Clothing,85.42,10
307,1/18/2024,196,119,Books,82.14,9
308,6/25/2024,781,134,Electronics,78.81,1
309,4/10/2024,268,366,Toys,84.26,10
310,1/30/2024,774,57,Clothing,482.72,1
311,2/16/2024,480,332,Sports,161.9,3
312,4/20/2024,711,411,Clothing,405.45,6
313,5/21/2024,677,4,Clothing,346.54,10
314,1/24/2024,183,479,Sports,356.71,2
315,2/15/2024,424,368,Sports,383.94,1
316,5/22/2024,474,203,Books,337.32,7
317,3/16/2024,41,274,Books,203.74,7
318,4/1/2024,628,493,Home & Kitchen,428.46,2
319,6/29/2024,521,300,Clothing,231.4,10
320,1/27/2024,103,26,Home & Kitchen,117.88,4
321,5/6/2024,781,397,Toys,62.52,9
322,5/22/2024,37,453,Sports,32.17,2
323,5/31/2024,368,1,Sports,87.59,5
324,5/9/2024,133,250,Home & Kitchen,333.26,10
325,3/8/2024,610,260,Electronics,162.78,5
326,6/8/2024,125,429,Home & Kitchen,202.61,1
327,2/15/2024,230,438,Home & Kitchen,318.65,2
328,3/23/2024,42,254,Books,254.74,3
329,4/17/2024,326,454,Books,338.03,6
330,6/11/2024,470,346,Electronics,248.87,3
331,6/20/2024,576,476,Clothing,450.26,8
332,4/25/2024,337,217,Sports,67.76,9
333,3/26/2024,575,232,Electronics,458.47,6
334,1/21/2024,366,78,Home & Kitchen,441.75,7
335,2/8/2024,457,498,Sports,56.84,3
336,1/15/2024,520,100,Sports,488.38,9
337,4/16/2024,220,349,Sports,415.1,9
338,5/23/2024,312,277,Electronics,278.17,8
339,4/26/2024,741,216,Electronics,233.53,7
340,3/22/2024,654,35,Electronics,317.03,8
341,2/1/2024,289,153,Home & Kitchen,217.21,6
342,1/6/2024,10,116,Books,11.3,1
343,4/11/2024,154,304,Home & Kitchen,444.12,9
344,3/19/2024,183,394,Sports,454.85,4
345,3/19/2024,122,355,Home & Kitchen,26.96,4
346,5/25/2024,493,38,Toys,398.93,10
347,5/22/2024,683,3,Toys,104.78,3
348,2/8/2024,239,466,Toys,167.78,3
349,5/9/2024,779,235,Sports,82.17,3
350,2/16/2024,423,145,Sports,244.65,7
351,5/15/2024,487,496,Books,447.52,5
352,2/8/2024,150,468,Sports,194.32,2
353,6/19/2024,480,315,Sports,233.04,6
354,4/24/2024,351,142,Home & Kitchen,496.34,3
355,1/21/2024,354,455,Home & Kitchen,130.12,7
356,1/27/2024,728,439,Home & Kitchen,162.74,5
357,4/11/2024,208,371,Electronics,179.21,2
358,4/4/2024,623,295,Toys,327.05,10
359,6/25/2024,425,48,Sports,139.87,4
360,2/9/2024,98,108,Electronics,423.16,10
361,5/11/2024,450,82,Home & Kitchen,62.03,4
362,1/24/2024,343,80,Electronics,206.81,10
363,3/28/2024,72,116,Electronics,435.97,3
364,3/27/2024,189,114,Electronics,61.32,2
365,5/19/2024,226,459,Books,276.51,5
366,5/24/2024,553,99,Toys,197.31,8
367,2/17/2024,174,229,Clothing,162.71,1
368,3/2/2024,232,320,Home & Kitchen,200.55,8
369,5/15/2024,675,132,Electronics,131.15,9
370,5/17/2024,791,170,Home & Kitchen,370.79,2
371,5/9/2024,507,47,Books,50.18,5
372,3/15/2024,512,341,Toys,256.8,7
373,7/6/2024,678,383,Electronics,464.2,3
374,2/1/2024,280,196,Clothing,22.66,6
375,2/26/2024,104,181,Books,349.43,1
376,3/14/2024,545,348,Home & Kitchen,25.03,6
377,6/21/2024,658,397,Books,6.63,9
378,3/27/2024,693,333,Clothing,384.35,3
379,4/10/2024,150,359,Toys,266.56,9
380,6/3/2024,543,146,Books,235.57,7
381,2/12/2024,690,97,Clothing,295.09,1
382,6/15/2024,405,250,Clothing,263.21,3
383,2/28/2024,676,100,Clothing,462.22,1
384,3/30/2024,568,257,Books,285.2,10
385,5/22/2024,765,364,Toys,388.83,10
386,4/12/2024,414,218,Electronics,474.4,9
387,3/5/2024,144,125,Books,24.28,8
388,6/4/2024,608,130,Electronics,152.52,8
389,2/19/2024,663,500,Toys,286.76,8
390,2/23/2024,293,466,Sports,350.63,1
391,1/30/2024,254,338,Clothing,7.96,5
392,6/21/2024,227,355,Sports,249.43,8
393,1/3/2024,519,381,Home & Kitchen,356.22,6
394,1/10/2024,265,58,Home & Kitchen,150.07,3
395,5/11/2024,166,99,Toys,261.4,3
396,2/29/2024,400,235,Books,61.47,9
397,5/2/2024,719,186,Clothing,167.27,8
398,5/28/2024,749,209,Toys,385.56,7
399,1/20/2024,762,479,Sports,355.36,1
400,2/26/2024,159,69,Home & Kitchen,325.67,1
401,3/23/2024,413,303,Sports,490.01,7
402,3/26/2024,770,250,Home & Kitchen,40.94,9
403,4/12/2024,712,455,Sports,55.3,2
404,3/16/2024,314,384,Clothing,36.83,4
405,2/12/2024,210,409,Home & Kitchen,129.96,7
406,2/8/2024,487,155,Clothing,341.51,5
407,5/18/2024,315,427,Clothing,259.08,10
408,2/14/2024,46,34,Electronics,156.12,2
409,2/27/2024,297,22,Toys,458.37,5
410,4/13/2024,634,12,Books,17.95,4
411,2/4/2024,140,166,Home & Kitchen,43.02,7
412,3/9/2024,714,424,Clothing,49.92,5
413,5/4/2024,574,124,Sports,21.28,9
414,5/27/2024,720,223,Electronics,216.36,6
415,3/21/2024,188,136,Sports,141.25,3
416,2/4/2024,624,405,Clothing,478.45,4
417,3/27/2024,544,29,Clothing,453.93,7
418,3/7/2024,340,447,Clothing,56.36,9
419,3/2/2024,764,368,Clothing,198.36,3
420,2/20/2024,161,380,Electronics,246.73,9
421,4/29/2024,234,476,Home & Kitchen,439.05,8
422,4/2/2024,56,19,Home & Kitchen,451.72,1
423,5/18/2024,96,212,Electronics,309.43,4
424,1/3/2024,572,200,Toys,307.51,5
425,6/28/2024,334,339,Clothing,56.96,10
426,1/3/2024,492,197,Books,144.75,10
427,6/3/2024,771,330,Books,162.5,8
428,4/4/2024,719,251,Electronics,390.74,4
429,1/7/2024,305,58,Electronics,268.38,5
430,3/16/2024,193,276,Home & Kitchen,174.14,1
431,5/15/2024,150,167,Books,420.64,5
432,3/7/2024,396,431,Sports,352.77,2
433,5/10/2024,387,266,Clothing,77.3,5
434,7/2/2024,598,212,Toys,258.61,5
435,4/12/2024,483,393,Electronics,399.79,3
436,5/15/2024,369,195,Books,392.81,1
437,6/9/2024,556,390,Home & Kitchen,454.82,10
438,1/31/2024,547,319,Books,368.07,4
439,4/18/2024,500,456,Sports,87.59,4
440,1/17/2024,49,106,Clothing,31.32,10
441,1/25/2024,550,46,Electronics,460.72,6
442,2/3/2024,523,384,Books,203.92,8
443,1/4/2024,358,85,Home & Kitchen,419.1,10
444,2/8/2024,53,101,Sports,367.25,3
445,5/12/2024,49,366,Sports,433.61,10
446,6/13/2024,612,293,Toys,240.74,5
447,3/2/2024,289,188,Sports,109.92,1
448,5/27/2024,756,173,Clothing,204.51,7
449,4/3/2024,76,269,Toys,36.68,4
450,2/15/2024,558,45,Books,212.68,5
451,6/30/2024,536,48,Toys,458.76,9
452,2/2/2024,63,204,Sports,164.76,5
453,4/14/2024,462,140,Books,428.85,10
454,1/7/2024,385,401,Electronics,71.27,2
455,5/1/2024,737,71,Books,239.92,1
456,3/17/2024,220,316,Home & Kitchen,408.04,2
457,2/14/2024,168,370,Electronics,484.53,1
458,5/27/2024,33,422,Books,171.31,6
459,6/22/2024,665,135,Sports,16.03,9
460,6/1/2024,689,500,Toys,105.76,2
461,6/1/2024,134,470,Home & Kitchen,186.5,9
462,4/5/2024,576,237,Electronics,464.73,2
463,3/10/2024,109,212,Electronics,166.64,8
464,4/10/2024,275,243,Clothing,75.09,10
465,4/10/2024,142,493,Electronics,247.22,10
466,2/27/2024,725,381,Toys,155.63,3
467,1/8/2024,678,260,Sports,376.84,5
468,4/1/2024,756,447,Electronics,377.84,1
469,4/18/2024,609,74,Home & Kitchen,431.92,10
470,6/27/2024,350,474,Books,210.84,1
471,3/17/2024,11,298,Books,478.85,7
472,5/25/2024,23,439,Home & Kitchen,330.74,5
473,6/11/2024,766,336,Clothing,324.19,1
474,6/23/2024,500,285,Electronics,144.24,7
475,2/24/2024,605,353,Home & Kitchen,285.19,1
476,4/11/2024,721,100,Electronics,204.88,4
477,5/13/2024,62,494,Electronics,491.47,8
478,4/18/2024,156,424,Books,415.13,2
479,4/23/2024,183,294,Clothing,452.99,9
480,4/4/2024,455,449,Electronics,105.9,10
481,6/1/2024,488,191,Electronics,203.77,8
482,2/25/2024,154,177,Home & Kitchen,353,7
483,1/3/2024,600,325,Toys,125.75,10
484,3/1/2024,527,442,Sports,232.98,3
485,1/29/2024,540,178,Toys,39.41,10
486,6/23/2024,59,499,Electronics,256.8,3
487,5/4/2024,409,189,Books,324.76,6
488,3/8/2024,703,178,Toys,86.78,8
489,2/25/2024,204,373,Books,373.63,3
490,3/30/2024,299,43,Clothing,166.01,1
491,3/25/2024,21,207,Electronics,489.17,2
492,1/2/2024,755,98,Sports,340.2,6
493,6/29/2024,47,260,Electronics,124.75,8
494,6/16/2024,215,398,Clothing,447.19,10
495,6/22/2024,223,140,Home & Kitchen,128.9,5
496,6/4/2024,687,150,Books,33.74,3
497,5/15/2024,290,343,Sports,236.86,3
498,6/14/2024,657,462,Electronics,385.97,8
499,6/5/2024,183,65,Clothing,384.16,7
500,4/13/2024,612,368,Sports,49.17,6
501,4/23/2024,386,169,Sports,134.54,2
502,4/12/2024,110,43,Sports,9.59,5
503,2/24/2024,716,204,Electronics,236.89,8
504,3/15/2024,691,242,Electronics,84.99,5
505,3/23/2024,50,307,Home & Kitchen,436.61,5
506,2/25/2024,241,382,Electronics,356.74,8
507,6/1/2024,34,51,Sports,430.57,6
508,1/4/2024,159,432,Books,269.86,4
509,5/12/2024,239,491,Books,139.32,10
510,1/6/2024,50,262,Sports,454.6,5
511,1/25/2024,768,285,Electronics,382.7,5
512,3/23/2024,575,12,Books,114.84,9
513,4/7/2024,521,303,Toys,185.62,1
514,5/21/2024,80,188,Toys,400.19,9
515,6/14/2024,676,129,Electronics,323.22,8
516,1/3/2024,339,325,Electronics,402.97,4
517,6/2/2024,640,470,Books,270.48,9
518,1/19/2024,32,447,Electronics,109.06,6
519,5/28/2024,247,29,Electronics,495.71,1
520,5/26/2024,628,72,Home & Kitchen,405.33,7
521,6/6/2024,322,201,Electronics,199.52,9
522,4/25/2024,677,366,Clothing,378.08,2
523,1/27/2024,96,303,Books,479.29,3
524,5/31/2024,383,158,Toys,374.96,6
525,3/3/2024,765,165,Clothing,295.53,6
526,1/25/2024,652,241,Home & Kitchen,139.6,3
527,4/12/2024,513,53,Toys,24.39,3
528,5/26/2024,71,335,Clothing,476.62,4
529,6/20/2024,511,231,Toys,486.9,7
530,4/26/2024,421,218,Electronics,148.41,1
531,4/7/2024,575,223,Toys,204.08,9
532,4/24/2024,48,393,Home & Kitchen,377.03,9
533,3/19/2024,168,252,Clothing,149.86,7
534,2/11/2024,733,353,Electronics,112.61,1
535,6/17/2024,373,194,Electronics,209.04,3
536,3/19/2024,477,430,Clothing,287.85,5
537,2/1/2024,163,45,Electronics,62.01,1
538,3/3/2024,41,350,Electronics,374.58,1
539,4/28/2024,150,246,Toys,364.54,2
540,5/2/2024,710,245,Sports,329.47,2
541,2/19/2024,209,134,Clothing,418.02,2
542,6/9/2024,360,294,Electronics,332.65,5
543,5/22/2024,569,489,Electronics,14.54,4
544,1/5/2024,678,429,Home & Kitchen,434.56,10
545,4/21/2024,653,166,Toys,318.86,7
546,1/31/2024,755,147,Toys,203.31,5
547,3/29/2024,538,268,Home & Kitchen,13.83,4
548,2/28/2024,537,8,Sports,209.76,6
549,3/24/2024,562,276,Books,443.9,2
550,2/6/2024,513,378,Electronics,125.8,1
551,2/12/2024,528,229,Books,312.35,10
552,3/9/2024,330,48,Toys,483.97,8
553,4/10/2024,643,89,Electronics,494.22,8
554,4/18/2024,697,139,Toys,226.74,2
555,1/10/2024,385,72,Clothing,255.42,8
556,7/2/2024,432,129,Clothing,304.06,8
557,6/6/2024,448,299,Clothing,341.48,1
558,6/1/2024,435,437,Electronics,291.99,5
559,5/31/2024,321,203,Sports,232.27,5
560,1/30/2024,222,319,Sports,155.87,3
561,3/10/2024,570,284,Home & Kitchen,54.99,7
562,3/27/2024,420,260,Sports,292.3,9
563,4/1/2024,180,464,Home & Kitchen,213.27,9
564,3/11/2024,463,373,Sports,78.98,10
565,4/26/2024,166,221,Books,144.25,10
566,3/21/2024,313,80,Clothing,454.45,1
567,5/13/2024,44,174,Electronics,363.07,2
568,4/20/2024,143,442,Clothing,488.85,4
569,6/4/2024,632,246,Books,491.97,6
570,5/23/2024,676,29,Toys,89.66,7
571,1/24/2024,592,447,Electronics,326.39,9
572,4/22/2024,269,170,Home & Kitchen,366.85,10
573,4/3/2024,271,293,Clothing,458.01,4
574,6/24/2024,521,269,Home & Kitchen,95.8,4
575,3/28/2024,676,239,Books,338.6,4
576,4/22/2024,51,103,Sports,482.47,4
577,2/14/2024,654,139,Toys,372.54,2
578,1/10/2024,331,459,Clothing,187.88,6
579,2/13/2024,454,225,Sports,199.98,6
580,3/2/2024,688,363,Clothing,160.2,1
581,6/25/2024,21,231,Home & Kitchen,110.57,7
582,2/9/2024,81,172,Home & Kitchen,122.56,6
583,4/7/2024,331,132,Home & Kitchen,69.03,8
584,2/25/2024,65,31,Clothing,313.44,6
585,3/26/2024,515,360,Clothing,82.94,4
586,4/10/2024,251,428,Clothing,487.86,3
587,2/29/2024,43,218,Books,370.57,10
588,1/2/2024,483,36,Books,67.06,8
589,6/11/2024,121,117,Sports,485.8,10
590,4/1/2024,350,255,Toys,165.81,3
591,3/27/2024,444,45,Clothing,60.93,4
592,3/10/2024,446,141,Electronics,184.52,4
593,6/13/2024,486,103,Books,167.24,3
594,1/14/2024,177,312,Electronics,496.57,10
595,2/21/2024,616,436,Home & Kitchen,477.84,10
596,5/27/2024,511,276,Clothing,374.04,2
597,6/10/2024,648,252,Books,132.37,10
598,6/8/2024,320,366,Sports,46.84,1
599,2/4/2024,46,471,Toys,333.66,7
600,7/1/2024,759,46,Books,104.67,6
601,2/27/2024,277,253,Sports,219.1,2
602,2/24/2024,316,218,Toys,289.26,6
603,2/17/2024,755,48,Home & Kitchen,409.44,8
604,6/9/2024,43,324,Home & Kitchen,257.03,6
605,3/27/2024,617,86,Toys,226.02,8
606,1/3/2024,680,183,Toys,308.65,4
607,7/2/2024,537,180,Clothing,440.14,10
608,2/2/2024,637,175,Toys,424.92,6
609,3/28/2024,170,340,Toys,42.32,10
610,5/23/2024,718,443,Toys,444.78,10
611,4/15/2024,509,387,Sports,498.78,5
612,4/2/2024,191,291,Clothing,266.33,6
613,1/30/2024,308,230,Toys,176.61,8
614,4/9/2024,737,398,Toys,252.11,9
615,4/2/2024,785,95,Electronics,64.59,3
616,2/23/2024,139,177,Toys,284.77,10
617,5/18/2024,488,265,Clothing,297.51,6
618,5/15/2024,784,108,Clothing,285.96,9
619,5/3/2024,529,24,Electronics,108.84,3
620,2/24/2024,663,429,Books,367.65,1
621,5/27/2024,369,408,Sports,447.91,7
622,5/20/2024,717,376,Home & Kitchen,51.5,6
623,4/15/2024,243,147,Toys,351.59,9
624,5/10/2024,262,168,Home & Kitchen,298.03,2
625,6/9/2024,582,377,Sports,299.29,5
626,6/19/2024,315,348,Electronics,365.15,8
627,4/18/2024,759,289,Electronics,207.68,5
628,3/29/2024,345,190,Clothing,250.97,4
629,2/10/2024,205,68,Clothing,31.47,8
630,1/18/2024,572,342,Toys,308.79,10
631,4/29/2024,88,250,Clothing,244.89,7
632,4/11/2024,781,384,Sports,184.22,6
633,5/12/2024,84,2,Books,98.53,1
634,1/9/2024,73,367,Clothing,246.55,6
635,4/27/2024,606,30,Sports,127.15,1
636,6/25/2024,139,430,Sports,327.75,8
637,3/25/2024,594,351,Books,326.02,3
638,6/19/2024,727,236,Home & Kitchen,123.3,1
639,3/22/2024,672,254,Electronics,210.94,9
640,4/29/2024,360,250,Toys,499.43,7
641,3/22/2024,414,249,Sports,37.35,10
642,7/1/2024,386,280,Toys,163.84,7
643,6/10/2024,519,245,Electronics,329.27,3
644,4/2/2024,731,60,Books,247.36,9
645,3/8/2024,781,213,Sports,224.47,2
646,1/17/2024,281,447,Home & Kitchen,259.02,4
647,3/5/2024,172,282,Clothing,26.16,5
648,4/3/2024,435,150,Books,328.21,2
649,6/27/2024,502,295,Books,43.59,1
650,1/22/2024,423,219,Books,353.38,9
651,1/24/2024,463,175,Electronics,416.73,8
652,3/31/2024,574,105,Electronics,192.51,5
653,1/19/2024,587,24,Home & Kitchen,239.28,4
654,6/18/2024,288,192,Clothing,105.77,7
655,5/2/2024,434,94,Books,152.74,10
656,2/10/2024,213,99,Toys,94.82,7
657,6/30/2024,361,342,Clothing,297.31,5
658,5/17/2024,599,252,Sports,182.6,3
659,2/6/2024,596,22,Books,314.32,5
660,4/15/2024,688,275,Books,472.46,8
661,4/14/2024,369,497,Toys,36.96,3
662,6/19/2024,736,317,Electronics,286.11,4
663,5/26/2024,630,253,Home & Kitchen,185.4,2
664,1/18/2024,792,292,Sports,455.79,9
665,1/24/2024,643,215,Electronics,409.65,7
666,2/17/2024,125,471,Clothing,318.11,5
667,5/8/2024,661,120,Home & Kitchen,236.14,10
668,5/30/2024,119,385,Electronics,92.61,7
669,5/9/2024,239,10,Sports,446.09,7
670,1/2/2024,46,249,Home & Kitchen,122.03,8
671,6/27/2024,457,112,Sports,432.08,7
672,2/14/2024,147,305,Toys,254.6,9
673,3/18/2024,681,101,Books,105.6,3
674,2/22/2024,201,241,Toys,68.59,5
675,5/19/2024,582,385,Toys,195.94,4
676,5/22/2024,391,128,Sports,217.27,2
677,2/9/2024,590,156,Sports,450.02,3
678,2/28/2024,33,122,Clothing,12.42,2
679,4/4/2024,155,420,Toys,80.97,10
680,3/15/2024,674,116,Books,393.3,9
681,5/9/2024,403,122,Home & Kitchen,64.24,9
682,6/5/2024,613,237,Toys,442.77,3
683,6/9/2024,164,196,Home & Kitchen,227.32,1
684,6/22/2024,533,178,Electronics,98.69,7
685,6/16/2024,51,372,Toys,212.12,3
686,1/2/2024,768,417,Clothing,66.35,7
687,3/26/2024,540,179,Home & Kitchen,352.17,4
688,1/26/2024,176,336,Electronics,181.59,9
689,5/6/2024,314,498,Toys,232.7,10
690,2/16/2024,539,68,Books,428.23,1
691,4/5/2024,161,466,Sports,356.45,1
692,1/4/2024,674,213,Toys,307.25,3
693,5/13/2024,699,483,Electronics,404.07,7
694,2/1/2024,170,161,Books,378.34,5
695,5/16/2024,234,441,Sports,141.44,1
696,2/28/2024,639,166,Sports,135.41,5
697,1/20/2024,460,31,Home & Kitchen,296.77,7
698,5/3/2024,317,478,Books,281.47,6
699,2/6/2024,624,459,Sports,78.94,2
700,3/2/2024,622,476,Books,351.77,3
701,3/14/2024,529,40,Toys,177.18,10
702,7/6/2024,379,96,Sports,202.52,5
703,5/14/2024,336,70,Home & Kitchen,449.15,2
704,6/22/2024,345,391,Toys,52.23,5
705,3/1/2024,458,23,Toys,56.19,1
706,2/12/2024,188,397,Books,113.78,4
707,4/24/2024,766,13,Home & Kitchen,207.43,1
708,5/25/2024,383,408,Books,389.72,6
709,2/20/2024,505,14,Books,459.24,8
710,3/13/2024,648,102,Books,25.93,6
711,6/15/2024,221,138,Home & Kitchen,278.54,8
712,6/13/2024,630,443,Electronics,441.79,3
713,5/30/2024,724,169,Electronics,460.09,3
714,6/3/2024,749,285,Sports,134.24,1
715,6/6/2024,523,441,Books,278.75,9
716,3/15/2024,30,254,Home & Kitchen,13.53,6
717,1/17/2024,787,121,Home & Kitchen,497.56,9
718,4/8/2024,275,218,Books,289.58,6
719,6/18/2024,525,330,Home & Kitchen,361.42,4
720,4/3/2024,12,109,Clothing,75.89,6
721,6/15/2024,665,68,Clothing,476.49,9
722,3/27/2024,532,197,Home & Kitchen,110.29,3
723,4/19/2024,354,412,Clothing,349.61,10
724,4/20/2024,196,368,Toys,336.79,1
725,3/2/2024,322,276,Books,75.1,4
726,3/22/2024,94,390,Toys,182.07,8
727,1/21/2024,184,78,Electronics,128.32,7
728,5/12/2024,596,7,Books,452.45,7
729,1/13/2024,154,336,Electronics,335.15,8
730,2/27/2024,575,262,Books,86.7,2
731,1/16/2024,138,89,Sports,92.33,6
732,4/6/2024,344,316,Toys,310.24,6
733,1/5/2024,727,387,Home & Kitchen,236.6,8
734,3/17/2024,638,277,Clothing,363.32,1
735,2/25/2024,468,107,Sports,403.82,3
736,3/2/2024,208,331,Books,310.19,2
737,5/29/2024,81,481,Electronics,277.94,1
738,1/30/2024,464,402,Clothing,339.41,6
739,3/5/2024,666,441,Electronics,188.7,8
740,1/2/2024,402,315,Sports,294.34,1
741,6/17/2024,290,5,Books,214.85,8
742,1/5/2024,372,253,Sports,195.18,5
743,4/6/2024,783,461,Electronics,385.87,9
744,3/22/2024,117,4,Books,438.77,3
745,1/12/2024,114,197,Clothing,155.43,4
746,4/12/2024,406,337,Books,455.76,9
747,3/12/2024,231,381,Home & Kitchen,276.78,1
748,3/9/2024,381,297,Books,93.58,10
749,6/20/2024,132,493,Books,160.11,3
750,2/22/2024,378,109,Books,200.27,7
751,5/13/2024,224,43,Clothing,75.77,8
752,2/19/2024,606,439,Home & Kitchen,467.02,3
753,3/15/2024,595,300,Home & Kitchen,426.33,6
754,5/29/2024,114,308,Clothing,27.23,10
755,4/9/2024,464,329,Home & Kitchen,427.48,5
756,4/4/2024,615,481,Books,299.73,5
757,4/28/2024,165,240,Toys,445.71,7
758,5/23/2024,348,199,Electronics,403.76,1
759,4/18/2024,778,439,Home & Kitchen,234.71,1
760,6/1/2024,503,108,Toys,215.41,8
761,5/26/2024,789,224,Electronics,61.39,9
762,3/28/2024,434,212,Electronics,243.89,2
763,6/10/2024,128,57,Toys,119.55,1
764,5/25/2024,581,477,Electronics,314.19,4
765,1/25/2024,388,276,Home & Kitchen,283.67,9
766,2/10/2024,539,165,Electronics,28.44,4
767,3/16/2024,657,200,Sports,94.86,7
768,3/11/2024,686,143,Clothing,308.49,3
769,6/7/2024,676,339,Sports,350.45,1
770,5/31/2024,565,331,Books,384.64,1
771,6/4/2024,745,431,Sports,257.02,6
772,3/30/2024,294,190,Toys,462.03,7
773,1/23/2024,136,496,Books,390.06,1
774,3/8/2024,6,120,Clothing,8.69,8
775,1/23/2024,365,336,Electronics,331.39,4
776,7/1/2024,56,139,Clothing,305.67,3
777,5/13/2024,228,165,Sports,129.43,2
778,4/13/2024,737,82,Sports,154.2,10
779,3/5/2024,160,357,Clothing,42.72,6
780,2/8/2024,789,395,Electronics,19.53,8
781,1/15/2024,750,117,Electronics,205.47,8
782,2/7/2024,432,316,Sports,6.65,7
783,5/7/2024,435,126,Toys,290.92,5
784,4/30/2024,546,15,Electronics,82.58,5
785,1/12/2024,390,286,Sports,313.84,10
786,5/24/2024,79,320,Toys,312.66,6
787,4/27/2024,435,186,Home & Kitchen,228.7,1
788,6/10/2024,33,479,Home & Kitchen,301.98,10
789,2/23/2024,234,235,Home & Kitchen,117.8,4
790,5/8/2024,624,463,Sports,227.67,9
791,5/25/2024,202,65,Books,310.98,5
792,3/24/2024,511,118,Toys,348.88,8
793,2/2/2024,649,269,Electronics,120.54,9
794,5/18/2024,481,185,Home & Kitchen,196.96,3
795,2/15/2024,272,324,Electronics,400.01,8
796,6/26/2024,539,192,Electronics,416.46,6
797,5/16/2024,737,476,Books,245.97,2
798,4/17/2024,769,221,Home & Kitchen,142.4,6
799,5/20/2024,661,284,Books,184.98,10
800,3/2/2024,199,320,Toys,422.9,10
801,4/6/2024,514,423,Books,53.15,7
802,4/15/2024,248,500,Toys,335.03,2
803,6/7/2024,550,34,Books,368.52,9
804,5/23/2024,120,257,Books,257.44,3
805,6/4/2024,26,4,Sports,442.46,1
806,2/22/2024,363,152,Books,433.21,3
807,2/11/2024,241,339,Books,232.22,10
808,6/27/2024,71,115,Books,73.22,5
809,2/14/2024,382,487,Home & Kitchen,395.16,4
810,6/26/2024,600,67,Clothing,273.01,2
811,3/22/2024,73,183,Electronics,481.82,5
812,4/27/2024,22,299,Sports,347.33,8
813,1/29/2024,350,150,Clothing,303.36,10
814,1/23/2024,70,239,Electronics,156.29,5
815,6/21/2024,332,255,Books,491,3
816,5/22/2024,789,10,Toys,59.07,8
817,5/13/2024,746,359,Books,185.94,2
818,3/6/2024,255,215,Books,394.88,4
819,6/21/2024,17,433,Toys,139.29,9
820,5/12/2024,275,300,Toys,59.38,4
821,5/24/2024,761,3,Home & Kitchen,443.04,2
822,3/1/2024,425,191,Toys,123.06,9
823,6/24/2024,213,362,Toys,13.47,6
824,2/15/2024,739,145,Sports,425.99,8
825,2/3/2024,281,319,Books,136.93,6
826,2/10/2024,173,70,Books,166.57,1
827,6/3/2024,116,125,Sports,391.37,5
828,4/9/2024,686,243,Home & Kitchen,50.58,1
829,2/8/2024,552,27,Electronics,250.85,2
830,1/19/2024,556,101,Sports,179.49,8
831,2/28/2024,29,337,Electronics,445.32,6
832,7/6/2024,754,391,Books,71.03,3
833,2/4/2024,370,409,Toys,490.43,4
834,6/4/2024,476,100,Electronics,38.77,2
835,5/19/2024,497,25,Books,240.68,10
836,1/23/2024,403,84,Electronics,360.43,5
837,2/28/2024,737,121,Electronics,441.17,8
838,3/6/2024,413,350,Electronics,335.01,10
839,5/12/2024,347,368,Books,434.43,3
840,6/12/2024,435,409,Electronics,329.67,6
841,1/9/2024,140,494,Sports,214.01,6
842,2/21/2024,296,446,Sports,215,2
843,3/7/2024,380,470,Sports,369.8,4
844,3/22/2024,310,362,Electronics,498.52,2
845,1/15/2024,565,3,Home & Kitchen,407.1,2
846,2/17/2024,147,65,Electronics,116.55,2
847,1/3/2024,174,389,Toys,65.85,2
848,3/4/2024,768,374,Sports,455.7,7
849,5/19/2024,52,88,Books,488.03,4
850,6/25/2024,32,208,Electronics,428.05,6
851,6/29/2024,276,286,Sports,143.06,7
852,4/3/2024,582,189,Sports,449.68,4
853,1/28/2024,117,333,Books,267.24,3
854,1/13/2024,209,130,Clothing,419.72,5
855,1/29/2024,755,403,Electronics,121.29,7
856,3/1/2024,460,155,Home & Kitchen,199.03,9
857,1/11/2024,16,318,Home & Kitchen,411.51,4
858,6/21/2024,193,245,Electronics,189.68,1
859,6/16/2024,195,359,Books,187.15,2
860,2/26/2024,664,437,Sports,272.03,10
861,6/19/2024,614,204,Clothing,425.2,3
862,1/26/2024,680,449,Books,430.29,10
863,5/12/2024,745,264,Home & Kitchen,359.49,10
864,5/19/2024,146,453,Electronics,396.91,4
865,3/13/2024,653,329,Sports,370.33,5
866,6/10/2024,537,137,Toys,144.51,6
867,4/3/2024,572,264,Sports,491.36,6
868,1/18/2024,703,98,Electronics,128.74,6
869,4/11/2024,770,262,Sports,196.1,5
870,5/20/2024,388,95,Sports,446,4
871,4/1/2024,111,16,Electronics,61.66,10
872,2/21/2024,516,366,Home & Kitchen,373.61,8
873,6/16/2024,587,198,Sports,143.83,7
874,7/5/2024,8,160,Toys,129.63,9
875,2/7/2024,165,364,Toys,261.09,10
876,6/2/2024,506,301,Clothing,315.48,10
877,2/9/2024,131,176,Toys,209.98,8
878,2/6/2024,477,375,Books,304.98,5
879,3/10/2024,28,125,Electronics,194.2,7
880,6/19/2024,486,298,Home & Kitchen,383.27,1
881,3/19/2024,309,238,Electronics,440.58,2
882,4/26/2024,102,382,Clothing,269.35,8
883,2/9/2024,248,490,Home & Kitchen,258.24,10
884,6/29/2024,615,239,Sports,264.72,2
885,4/6/2024,359,141,Electronics,14.18,10
886,3/13/2024,2,170,Home & Kitchen,272.24,9
887,2/15/2024,27,137,Home & Kitchen,304.65,5
888,3/15/2024,240,402,Sports,34.08,3
889,5/10/2024,760,124,Books,9.35,7
890,5/15/2024,152,176,Electronics,374.83,10
891,2/15/2024,417,43,Sports,43.17,3
892,2/4/2024,291,234,Clothing,23,8
893,3/8/2024,716,70,Toys,168.17,7
894,4/16/2024,507,482,Electronics,493.32,1
895,5/8/2024,109,448,Toys,329.56,6
896,4/6/2024,475,234,Electronics,190,6
897,1/8/2024,525,94,Electronics,410.75,4
898,6/8/2024,155,55,Clothing,87.28,4
899,6/9/2024,518,458,Home & Kitchen,89.29,5
900,1/9/2024,617,468,Toys,486.06,7
901,5/3/2024,762,146,Books,321.15,8
902,3/5/2024,342,230,Home & Kitchen,199.15,10
903,4/8/2024,173,308,Electronics,325.02,5
904,4/13/2024,420,491,Electronics,73.48,3
905,4/19/2024,175,49,Home & Kitchen,195,9
906,1/17/2024,419,7,Toys,457.48,8
907,4/28/2024,162,252,Home & Kitchen,491.29,8
908,1/8/2024,292,300,Home & Kitchen,93.23,7
909,1/21/2024,200,163,Clothing,270.01,2
910,2/6/2024,294,166,Clothing,7.57,1
911,2/10/2024,609,35,Electronics,65.71,4
912,3/3/2024,369,95,Toys,357.73,3
913,1/16/2024,561,413,Electronics,427.78,1
914,4/10/2024,610,329,Electronics,253.97,7
915,3/19/2024,175,304,Clothing,291.93,10
916,5/6/2024,217,264,Clothing,439.89,4
917,1/6/2024,196,331,Sports,92.01,8
918,4/12/2024,432,368,Toys,31.81,2
919,3/6/2024,506,175,Electronics,380.13,2
920,7/5/2024,504,472,Clothing,208.17,1
921,4/14/2024,300,82,Books,472.33,7
922,6/28/2024,162,356,Electronics,341.95,3
923,5/27/2024,273,46,Sports,178.2,5
924,5/12/2024,737,96,Sports,381.81,7
925,2/8/2024,98,334,Sports,60.53,1
926,5/23/2024,463,240,Sports,498.68,5
927,4/3/2024,771,227,Home & Kitchen,18.27,7
928,4/30/2024,275,88,Electronics,156.18,6
929,6/25/2024,464,253,Sports,195.66,9
930,3/24/2024,327,398,Clothing,109.46,10
931,4/2/2024,699,304,Sports,73.25,3
932,1/22/2024,619,132,Sports,465.01,1
933,6/13/2024,430,193,Books,469.84,8
934,1/20/2024,97,459,Sports,461.25,6
935,6/12/2024,288,68,Toys,183.43,5
936,6/13/2024,668,296,Home & Kitchen,335.37,7
937,1/26/2024,686,7,Sports,95.43,9
938,5/5/2024,717,487,Toys,327.71,3
939,6/26/2024,494,332,Books,30.9,10
940,1/11/2024,165,30,Sports,70.48,7
941,5/12/2024,463,176,Toys,19.19,6
942,4/15/2024,590,28,Toys,107.44,6
943,5/5/2024,420,190,Electronics,481.06,7
944,5/1/2024,669,447,Toys,429.11,10
945,3/25/2024,372,459,Home & Kitchen,440.62,4
946,2/19/2024,492,131,Sports,423.17,5
947,3/29/2024,523,195,Books,382.91,5
948,3/9/2024,475,493,Toys,455.36,5
949,1/26/2024,42,289,Clothing,324.32,2
950,2/14/2024,263,400,Electronics,492.88,6
951,7/6/2024,484,419,Electronics,314.09,1
952,3/16/2024,140,349,Clothing,358.54,8
953,2/12/2024,376,468,Toys,418.69,10
954,5/3/2024,394,341,Sports,274.21,7
955,4/5/2024,418,53,Sports,23.42,2
956,6/10/2024,547,331,Clothing,141.98,1
957,4/13/2024,570,56,Sports,277.63,9
958,3/3/2024,181,415,Home & Kitchen,155.16,1
959,4/9/2024,516,253,Home & Kitchen,442.9,2
960,7/1/2024,443,102,Clothing,167.05,10
961,3/30/2024,753,213,Home & Kitchen,185.14,9
962,6/17/2024,111,140,Books,334.67,3
963,5/29/2024,344,69,Books,421.37,8
964,6/18/2024,602,188,Home & Kitchen,143.07,6
965,5/31/2024,117,248,Books,104.9,1
966,3/13/2024,404,185,Toys,417.2,6
967,4/3/2024,595,259,Books,393.18,8
968,1/8/2024,8,194,Home & Kitchen,124.95,6
969,2/22/2024,534,243,Books,254.6,3
970,5/8/2024,145,158,Books,235.86,7
971,6/28/2024,523,11,Clothing,55.33,6
972,4/29/2024,239,18,Books,89.81,8
973,5/14/2024,618,231,Toys,79.63,1
974,4/15/2024,592,427,Books,443.79,6
975,1/25/2024,619,41,Books,403.64,8
976,3/20/2024,307,185,Electronics,56.38,7
977,2/24/2024,15,10,Electronics,240.88,3
978,4/13/2024,181,434,Home & Kitchen,348.64,5
979,1/6/2024,657,56,Sports,335.63,1
980,5/20/2024,42,297,Books,452.33,2
981,2/20/2024,400,2,Toys,219.95,5
982,3/28/2024,34,452,Clothing,5.33,10
983,1/27/2024,494,122,Books,422.15,7
984,5/11/2024,290,322,Home & Kitchen,239.15,4
985,1/5/2024,695,433,Toys,411.52,4
986,5/26/2024,521,233,Books,273.28,1
987,1/28/2024,455,474,Home & Kitchen,278.53,9
988,5/9/2024,543,490,Books,329.01,3
989,6/18/2024,758,392,Sports,82.5,2
990,1/17/2024,352,34,Toys,196.3,9
991,5/12/2024,740,387,Toys,483.86,4
992,5/7/2024,672,48,Home & Kitchen,348.39,4
993,6/24/2024,408,397,Home & Kitchen,5.69,5
994,3/30/2024,124,80,Clothing,58.12,10
995,2/7/2024,546,496,Books,366.75,7
996,5/28/2024,582,411,Home & Kitchen,122.71,2
997,3/29/2024,232,340,Toys,363.5,7
998,3/17/2024,466,360,Clothing,261.72,9
999,3/12/2024,176,120,Home & Kitchen,54.24,10
1000,3/28/2024,732,256,Books,495.53,10
1001,1/26/2024,733,400,Books,273,8
1002,3/13/2024,128,367,Electronics,362.09,8
1003,1/2/2024,364,293,Electronics,12.91,3
1004,2/15/2024,480,334,Books,54.4,7
1005,4/2/2024,428,312,Sports,135.73,10
1006,1/4/2024,481,383,Clothing,362.76,3
1007,4/18/2024,294,167,Electronics,126.31,8
1008,4/2/2024,615,169,Electronics,367.94,2
1009,1/26/2024,427,76,Sports,24.52,6
1010,1/27/2024,133,101,Home & Kitchen,325.47,8
1011,2/16/2024,398,120,Clothing,245.64,7
1012,2/26/2024,526,68,Toys,61.51,2
1013,1/27/2024,706,270,Clothing,14.81,7
1014,2/24/2024,658,300,Books,279.11,4
1015,3/26/2024,226,202,Sports,191.51,10
1016,1/14/2024,766,396,Books,440.96,4
1017,2/11/2024,531,213,Electronics,339.99,4
1018,3/18/2024,755,487,Books,244.92,10
1019,4/5/2024,578,197,Home & Kitchen,277.41,10
1020,1/13/2024,318,172,Electronics,206.62,7
1021,3/8/2024,122,285,Books,370.4,10
1022,6/23/2024,555,23,Toys,72.04,4
1023,5/17/2024,519,254,Electronics,191.98,8
1024,3/24/2024,45,469,Toys,126.34,8
1025,4/23/2024,636,251,Toys,73.97,4
1026,5/6/2024,706,451,Home & Kitchen,410.2,2
1027,3/18/2024,80,407,Books,95.13,6
1028,5/10/2024,642,427,Clothing,263.55,10
1029,1/28/2024,272,282,Clothing,75.94,1
1030,6/26/2024,501,88,Electronics,267.66,1
1031,6/19/2024,275,412,Sports,24.77,1
1032,4/15/2024,375,115,Toys,184.06,5
1033,5/11/2024,385,260,Toys,156.95,1
1034,1/26/2024,205,22,Clothing,35.91,3
1035,6/28/2024,321,19,Clothing,306.63,9
1036,3/25/2024,725,401,Books,167.89,6
1037,1/26/2024,428,123,Books,329.87,7
1038,3/7/2024,483,285,Home & Kitchen,230.44,5
1039,2/23/2024,714,339,Sports,392.5,7
1040,4/9/2024,252,107,Sports,76.35,1
1041,5/3/2024,197,148,Electronics,116.11,5
1042,4/1/2024,259,27,Electronics,40,5
1043,3/30/2024,16,228,Books,392.04,5
1044,1/31/2024,383,104,Home & Kitchen,88.15,5
1045,5/23/2024,353,275,Toys,151.7,10
1046,4/26/2024,744,196,Clothing,116.77,3
1047,3/25/2024,446,231,Clothing,174.11,4
1048,2/23/2024,641,239,Home & Kitchen,11.05,1
1049,5/18/2024,269,275,Clothing,196.82,9
1050,1/11/2024,195,467,Books,493.67,10
1051,4/7/2024,167,159,Home & Kitchen,370.36,6
1052,1/13/2024,683,348,Toys,117.99,2
1053,1/28/2024,392,438,Electronics,15.67,5
1054,1/16/2024,595,176,Clothing,269.66,8
1055,1/6/2024,634,105,Sports,67.39,6
1056,3/21/2024,761,109,Electronics,147.03,10
1057,3/27/2024,562,349,Toys,155.77,10
1058,1/23/2024,80,233,Electronics,278.71,10
1059,1/21/2024,411,382,Clothing,284.23,8
1060,4/9/2024,211,55,Home & Kitchen,139.93,3
1061,1/18/2024,199,11,Books,244.02,10
1062,1/15/2024,306,77,Electronics,331.26,10
1063,6/20/2024,493,234,Clothing,153.5,1
1064,2/20/2024,410,150,Electronics,434.98,3
1065,6/21/2024,238,315,Sports,340.7,8
1066,4/8/2024,81,349,Electronics,26.63,8
1067,1/19/2024,12,214,Home & Kitchen,366.38,4
1068,4/23/2024,581,231,Electronics,379.93,7
1069,5/4/2024,454,23,Home & Kitchen,88.02,3
1070,6/2/2024,475,293,Clothing,207.78,7
1071,2/29/2024,636,199,Books,48.91,10
1072,4/25/2024,660,417,Electronics,397.23,3
1073,2/21/2024,779,404,Books,207.89,6
1074,5/4/2024,750,494,Home & Kitchen,230.26,9
1075,1/6/2024,71,164,Clothing,6.98,5
1076,7/2/2024,135,218,Electronics,362.1,10
1077,4/25/2024,166,54,Electronics,171.57,5
1078,6/5/2024,234,497,Clothing,416.55,1
1079,5/22/2024,103,272,Electronics,194.97,8
1080,2/20/2024,782,328,Books,406.44,3
1081,6/20/2024,24,98,Toys,162.1,9
1082,5/25/2024,514,100,Sports,6.61,9
1083,4/17/2024,120,389,Home & Kitchen,484.39,4
1084,4/30/2024,393,193,Clothing,179.07,2
1085,4/4/2024,337,363,Electronics,228.59,7
1086,6/13/2024,84,117,Sports,432.57,6
1087,3/3/2024,142,21,Sports,112.79,3
1088,2/22/2024,548,359,Clothing,170.54,1
1089,3/27/2024,515,498,Clothing,79.52,10
1090,4/26/2024,191,219,Books,465.44,2
1091,7/6/2024,175,392,Home & Kitchen,171.66,5
1092,4/20/2024,243,339,Clothing,435.97,10
1093,2/21/2024,77,233,Home & Kitchen,479.82,8
1094,5/30/2024,367,363,Electronics,304.63,2
1095,1/10/2024,727,191,Electronics,164.26,6
1096,4/15/2024,182,113,Sports,402.49,5
1097,2/28/2024,132,164,Toys,433.36,5
1098,2/4/2024,393,176,Clothing,496.89,3
1099,1/14/2024,598,11,Books,395.82,8
1100,5/26/2024,75,493,Clothing,402.22,1
1101,1/7/2024,199,488,Sports,116.3,6
1102,5/27/2024,276,179,Home & Kitchen,87.84,7
1103,6/13/2024,586,301,Clothing,284.92,10
1104,5/3/2024,55,445,Toys,96.52,4
1105,4/27/2024,52,195,Home & Kitchen,264.88,3
1106,3/4/2024,189,39,Electronics,57.11,6
1107,4/9/2024,679,6,Sports,218.93,10
1108,6/4/2024,402,282,Toys,100.82,6
1109,4/9/2024,717,225,Electronics,450.02,6
1110,3/23/2024,77,496,Clothing,177.07,2
1111,6/8/2024,699,258,Sports,349.98,7
1112,3/29/2024,714,301,Home & Kitchen,106.08,6
1113,1/7/2024,462,341,Home & Kitchen,214.02,9
1114,3/15/2024,355,379,Home & Kitchen,104.56,10
1115,5/13/2024,50,347,Home & Kitchen,329.44,8
1116,5/17/2024,162,356,Electronics,109.46,10
1117,3/9/2024,567,333,Clothing,396.94,1
1118,6/28/2024,734,368,Clothing,385.37,3
1119,2/2/2024,302,447,Electronics,97.59,2
1120,7/5/2024,741,242,Home & Kitchen,61.88,5
1121,2/15/2024,148,307,Books,261.81,3
1122,1/17/2024,53,403,Clothing,378.81,5
1123,4/26/2024,207,23,Clothing,145.26,2
1124,3/31/2024,546,387,Toys,324.47,10
1125,1/28/2024,413,407,Electronics,330.33,3
1126,5/31/2024,739,113,Electronics,240.48,8
1127,2/10/2024,138,458,Sports,430.36,6
1128,4/6/2024,355,302,Electronics,55.99,7
1129,4/14/2024,398,481,Clothing,373.38,9
1130,6/14/2024,77,224,Sports,307.6,1
1131,6/20/2024,46,491,Toys,260.81,5
1132,1/8/2024,762,271,Electronics,253.1,9
1133,5/3/2024,289,475,Books,348.98,4
1134,1/8/2024,274,211,Toys,355.24,6
1135,3/4/2024,676,288,Electronics,403.53,1
1136,2/16/2024,563,14,Toys,236.45,5
1137,3/11/2024,750,206,Electronics,39.03,7
1138,6/8/2024,161,127,Clothing,63.96,5
1139,1/4/2024,357,130,Home & Kitchen,138.74,2
1140,3/11/2024,125,103,Electronics,42.93,9
1141,6/26/2024,132,327,Electronics,274.03,7
1142,4/18/2024,329,393,Clothing,479.67,9
1143,2/27/2024,494,324,Sports,397.99,2
1144,6/10/2024,568,55,Electronics,436.67,7
1145,5/2/2024,282,370,Books,365.12,9
1146,2/11/2024,327,473,Clothing,404.4,9
1147,2/4/2024,69,152,Sports,166.2,8
1148,4/2/2024,682,352,Toys,183.72,8
1149,5/27/2024,99,459,Toys,120.78,8
1150,3/2/2024,429,460,Books,311.96,4
1151,1/24/2024,723,316,Sports,269.32,3
1152,7/4/2024,371,321,Toys,230.94,1
1153,4/22/2024,473,151,Books,160.9,10
1154,3/10/2024,677,98,Home & Kitchen,217.92,1
1155,3/14/2024,314,70,Electronics,465.49,2
1156,4/8/2024,703,276,Books,199.48,10
1157,5/22/2024,239,418,Books,435.55,8
1158,3/25/2024,74,300,Clothing,181.45,10
1159,4/27/2024,319,374,Books,263.26,2
1160,1/17/2024,765,165,Clothing,273.28,6
1161,1/11/2024,443,48,Books,196.37,4
1162,6/23/2024,671,258,Toys,39.41,2
1163,6/29/2024,400,79,Toys,476.49,6
1164,2/29/2024,451,286,Clothing,86.27,3
1165,6/16/2024,352,84,Sports,397.38,8
1166,3/23/2024,376,16,Electronics,250.6,6
1167,2/25/2024,764,463,Clothing,335.21,8
1168,1/9/2024,271,144,Clothing,366.01,10
1169,1/30/2024,473,229,Clothing,336.8,5
1170,6/21/2024,481,10,Toys,449.67,9
1171,4/6/2024,760,193,Books,179.59,4
1172,4/23/2024,709,14,Home & Kitchen,466.93,8
1173,4/17/2024,343,342,Home & Kitchen,266.08,5
1174,4/22/2024,358,340,Books,427.12,6
1175,7/3/2024,335,294,Electronics,329.38,3
1176,1/28/2024,622,226,Home & Kitchen,428.7,8
1177,1/15/2024,213,89,Electronics,475.05,4
1178,2/16/2024,353,328,Toys,295.15,1
1179,3/15/2024,322,420,Home & Kitchen,319.84,3
1180,1/25/2024,304,462,Electronics,206.46,6
1181,2/3/2024,343,383,Toys,126,5
1182,2/3/2024,721,287,Home & Kitchen,457.66,2
1183,2/6/2024,2,241,Books,13.68,7
1184,3/29/2024,8,99,Clothing,234.88,9
1185,5/15/2024,19,442,Electronics,438.54,9
1186,6/17/2024,263,475,Home & Kitchen,438.2,5
1187,4/28/2024,453,450,Sports,425.1,3
1188,1/19/2024,570,167,Sports,59.63,4
1189,6/13/2024,220,314,Toys,448.98,9
1190,4/15/2024,491,149,Books,64.63,4
1191,5/29/2024,230,159,Books,136.94,7
1192,1/15/2024,282,221,Clothing,359.52,9
1193,4/24/2024,304,321,Clothing,303.85,6
1194,6/20/2024,791,3,Sports,223.29,9
1195,4/12/2024,499,116,Clothing,102.7,8
1196,4/13/2024,352,2,Home & Kitchen,385.22,10
1197,2/20/2024,405,277,Books,157.37,2
1198,2/10/2024,590,162,Clothing,222.3,6
1199,1/6/2024,587,139,Books,414.67,2
1200,4/3/2024,610,173,Sports,385.72,6
1201,4/18/2024,481,436,Books,63.62,1
1202,4/23/2024,260,269,Clothing,43.49,2
1203,6/13/2024,582,309,Sports,70.76,8
1204,4/20/2024,495,44,Books,305.98,3
1205,3/14/2024,9,232,Toys,188.41,3
1206,2/16/2024,593,90,Clothing,387.6,3
1207,6/9/2024,784,320,Sports,178.15,5
1208,5/15/2024,578,229,Electronics,329.41,8
1209,6/5/2024,135,166,Toys,116.72,7
1210,6/2/2024,268,455,Books,356.7,7
1211,5/13/2024,268,436,Electronics,474.76,9
1212,1/1/2024,199,26,Clothing,271.52,3
1213,6/10/2024,514,251,Home & Kitchen,54.44,4
1214,3/29/2024,413,74,Toys,337.01,1
1215,2/13/2024,610,206,Clothing,67.5,6
1216,5/12/2024,636,156,Sports,91.44,3
1217,4/18/2024,575,135,Clothing,79.2,10
1218,5/5/2024,231,300,Clothing,271.69,9
1219,1/24/2024,171,338,Clothing,132.4,5
1220,6/27/2024,79,29,Sports,220.6,10
1221,2/11/2024,389,229,Home & Kitchen,24.23,4
1222,5/28/2024,665,391,Books,273.61,9
1223,2/14/2024,675,147,Toys,411.3,3
1224,2/21/2024,95,460,Electronics,229.81,4
1225,2/3/2024,349,177,Sports,152.58,9
1226,3/2/2024,139,60,Sports,88.3,6
1227,6/24/2024,25,494,Electronics,92.69,8
1228,1/27/2024,113,1,Sports,386.55,2
1229,4/8/2024,193,440,Electronics,40.74,7
1230,6/21/2024,33,281,Toys,351.91,2
1231,3/21/2024,584,96,Electronics,229.91,6
1232,2/18/2024,132,363,Sports,273.12,1
1233,5/3/2024,783,219,Clothing,150.9,4
1234,6/28/2024,568,157,Books,17.02,8
1235,6/20/2024,707,253,Electronics,408,3
1236,2/27/2024,545,320,Clothing,420.26,9
1237,1/11/2024,337,106,Books,227.71,5
1238,2/1/2024,131,104,Electronics,308.53,3
1239,2/13/2024,553,167,Clothing,203.73,2
1240,3/21/2024,279,295,Home & Kitchen,111.3,3
1241,7/3/2024,655,156,Electronics,173.6,3
1242,5/16/2024,308,363,Clothing,461.75,2
1243,2/16/2024,5,193,Sports,28.88,3
1244,1/1/2024,500,104,Books,213.13,5
1245,1/16/2024,758,233,Books,155.7,4
1246,3/17/2024,53,286,Books,323.65,6
1247,3/26/2024,420,329,Electronics,275.78,6
1248,5/23/2024,82,238,Home & Kitchen,345.01,2
1249,4/17/2024,499,5,Books,484.2,7
1250,2/5/2024,228,374,Toys,134.88,5
1251,6/12/2024,652,194,Clothing,200.83,6
1252,3/21/2024,170,137,Sports,331.48,3
1253,6/16/2024,767,323,Sports,34.42,3
1254,6/27/2024,142,433,Books,410.72,6
1255,1/24/2024,161,187,Home & Kitchen,117.95,8
1256,5/15/2024,554,200,Toys,376.73,5
1257,2/16/2024,464,281,Books,220.99,8
1258,2/24/2024,14,486,Books,89.71,8
1259,3/15/2024,552,19,Books,112.06,3
1260,4/24/2024,657,435,Clothing,351.99,8
1261,3/12/2024,442,80,Clothing,482.32,6
1262,1/25/2024,685,397,Books,254.82,5
1263,1/27/2024,753,305,Clothing,168.19,6
1264,2/2/2024,94,116,Toys,274.26,3
1265,6/24/2024,239,210,Electronics,16.8,10
1266,5/21/2024,206,317,Books,417.43,2
1267,3/6/2024,127,469,Home & Kitchen,466.2,7
1268,5/5/2024,282,211,Home & Kitchen,248.92,3
1269,4/22/2024,617,145,Sports,251.15,3
1270,3/11/2024,284,440,Electronics,394.21,9
1271,2/16/2024,215,19,Home & Kitchen,351.37,5
1272,6/9/2024,100,329,Home & Kitchen,488.1,1
1273,3/17/2024,500,101,Home & Kitchen,225.93,4
1274,2/20/2024,479,448,Toys,421.63,8
1275,2/3/2024,27,26,Sports,92.1,7
1276,1/6/2024,433,226,Toys,362.91,6
1277,1/20/2024,81,160,Clothing,320.9,9
1278,1/29/2024,507,128,Toys,204.49,8
1279,4/17/2024,602,250,Electronics,296.52,1
1280,2/15/2024,303,491,Home & Kitchen,488.33,2
1281,4/25/2024,245,50,Clothing,367.34,2
1282,1/1/2024,666,270,Toys,260.75,1
1283,6/14/2024,533,335,Electronics,219.44,3
1284,4/14/2024,361,85,Toys,358.14,6
1285,2/5/2024,130,491,Books,169.53,9
1286,4/17/2024,621,453,Electronics,55.92,3
1287,1/3/2024,620,176,Sports,80.65,10
1288,2/10/2024,96,178,Books,124.32,6
1289,3/10/2024,679,312,Clothing,296.42,2
1290,6/27/2024,218,372,Books,238.21,7
1291,5/17/2024,626,404,Books,454.09,8
1292,4/5/2024,228,48,Sports,177.4,1
1293,2/1/2024,176,376,Home & Kitchen,184.36,8
1294,2/18/2024,67,223,Home & Kitchen,148.9,6
1295,7/1/2024,271,179,Clothing,240.78,10
1296,4/7/2024,109,97,Clothing,364.3,7
1297,2/9/2024,331,42,Books,22.03,1
1298,3/1/2024,164,53,Electronics,275.89,10
1299,1/13/2024,100,370,Clothing,312.25,2
1300,4/28/2024,86,440,Home & Kitchen,258.79,5
1301,4/4/2024,748,239,Clothing,226.61,8
1302,5/14/2024,539,363,Electronics,15.28,3
1303,4/23/2024,248,240,Books,265.23,2
1304,1/4/2024,536,364,Books,394.28,5
1305,1/26/2024,25,373,Books,123.91,8
1306,1/4/2024,576,14,Clothing,168.68,3
1307,5/26/2024,247,418,Electronics,199.3,2
1308,3/14/2024,608,322,Books,40.07,2
1309,4/16/2024,567,156,Toys,123.27,6
1310,2/25/2024,22,314,Toys,28.57,10
1311,4/2/2024,519,407,Books,456.1,2
1312,1/14/2024,363,95,Electronics,408.55,10
1313,5/28/2024,142,258,Electronics,294.9,7
1314,3/28/2024,334,302,Clothing,311.64,3
1315,1/9/2024,599,465,Electronics,96.39,6
1316,2/13/2024,602,55,Sports,73,5
1317,1/15/2024,761,355,Toys,235.8,1
1318,6/21/2024,394,453,Home & Kitchen,103.55,7
1319,3/15/2024,316,494,Clothing,58.28,7
1320,1/7/2024,376,486,Electronics,498,9
1321,4/14/2024,210,366,Home & Kitchen,477.8,7
1322,5/11/2024,455,470,Sports,115.36,2
1323,4/24/2024,256,159,Home & Kitchen,273.37,6
1324,3/12/2024,41,49,Electronics,476.2,9
1325,1/2/2024,572,239,Toys,99.75,2
1326,5/24/2024,696,393,Home & Kitchen,99.89,1
1327,5/30/2024,553,428,Electronics,455.39,3
1328,5/27/2024,707,375,Toys,384.62,1
1329,2/14/2024,428,410,Electronics,24.59,7
1330,4/29/2024,580,496,Sports,428.08,1
1331,2/4/2024,212,331,Clothing,83.27,10
1332,1/25/2024,6,499,Clothing,237.01,7
1333,3/6/2024,374,79,Electronics,129.51,1
1334,6/25/2024,438,199,Toys,256.79,7
1335,6/16/2024,248,51,Clothing,416.81,1
1336,4/21/2024,447,72,Electronics,82.88,7
1337,2/15/2024,713,376,Books,305.58,2
1338,7/5/2024,533,258,Clothing,291.47,8
1339,6/3/2024,352,234,Sports,27.17,2
1340,1/16/2024,392,363,Sports,255.29,4
1341,7/3/2024,658,283,Books,445.33,2
1342,3/30/2024,58,73,Clothing,285.25,4
1343,1/22/2024,554,453,Electronics,112.97,10
1344,5/8/2024,516,254,Toys,281.3,4
1345,6/21/2024,573,193,Electronics,127.74,9
1346,5/9/2024,737,130,Home & Kitchen,315.63,4
1347,5/1/2024,785,279,Home & Kitchen,490.98,4
1348,6/17/2024,168,358,Clothing,207.47,6
1349,2/6/2024,414,79,Clothing,93.5,6
1350,6/24/2024,325,245,Toys,75.18,7
1351,1/23/2024,332,42,Clothing,104.58,4
1352,7/5/2024,125,349,Sports,290.32,5
1353,4/16/2024,630,444,Electronics,439.61,6
1354,4/5/2024,53,179,Toys,453.09,10
1355,2/17/2024,320,246,Home & Kitchen,382.32,6
1356,2/27/2024,115,128,Toys,43.71,6
1357,1/30/2024,587,201,Electronics,485.56,6
1358,1/31/2024,10,358,Electronics,64.39,4
1359,6/20/2024,726,152,Home & Kitchen,426.23,3
1360,4/23/2024,303,463,Clothing,377.94,4
1361,6/26/2024,43,422,Clothing,255.59,4
1362,5/17/2024,44,160,Electronics,377.26,9
1363,2/22/2024,453,33,Books,189.24,2
1364,6/17/2024,493,154,Toys,341.9,7
1365,4/10/2024,722,112,Sports,440.93,1
1366,4/23/2024,539,38,Clothing,480.46,6
1367,1/26/2024,404,144,Home & Kitchen,143.34,2
1368,6/2/2024,282,453,Electronics,120.32,4
1369,6/22/2024,190,465,Home & Kitchen,109.48,10
1370,2/15/2024,790,462,Clothing,293.69,6
